,image,labels
0,dog.624.jpg,1
1,cat.170.jpg,0
2,dog.419.jpg,1
3,dog.19.jpg,1
4,cat.227.jpg,0
5,dog.497.jpg,1
6,dog.598.jpg,1
7,cat.501.jpg,0
8,cat.479.jpg,0
9,dog.467.jpg,1
10,dog.382.jpg,1
11,cat.811.jpg,0
12,dog.982.jpg,1
13,cat.425.jpg,0
14,cat.998.jpg,0
15,cat.33.jpg,0
16,dog.855.jpg,1
17,dog.676.jpg,1
18,cat.699.jpg,0
19,dog.79.jpg,1
20,dog.526.jpg,1
21,cat.478.jpg,0
22,cat.491.jpg,0
23,dog.332.jpg,1
24,dog.705.jpg,1
25,dog.720.jpg,1
26,cat.185.jpg,0
27,dog.577.jpg,1
28,dog.621.jpg,1
29,dog.386.jpg,1
30,dog.256.jpg,1
31,dog.129.jpg,1
32,cat.696.jpg,0
33,dog.269.jpg,1
34,dog.337.jpg,1
35,dog.237.jpg,1
36,cat.80.jpg,0
37,cat.915.jpg,0
38,dog.24.jpg,1
39,cat.853.jpg,0
40,cat.329.jpg,0
41,dog.655.jpg,1
42,dog.388.jpg,1
43,cat.327.jpg,0
44,cat.767.jpg,0
45,cat.800.jpg,0
46,cat.897.jpg,0
47,dog.791.jpg,1
48,dog.37.jpg,1
49,dog.933.jpg,1
50,cat.809.jpg,0
51,cat.90.jpg,0
52,dog.757.jpg,1
53,cat.223.jpg,0
54,cat.547.jpg,0
55,cat.266.jpg,0
56,cat.687.jpg,0
57,cat.317.jpg,0
58,dog.850.jpg,1
59,dog.560.jpg,1
60,dog.241.jpg,1
61,dog.197.jpg,1
62,cat.249.jpg,0
63,dog.771.jpg,1
64,dog.253.jpg,1
65,cat.5.jpg,0
66,cat.554.jpg,0
67,cat.680.jpg,0
68,dog.136.jpg,1
69,cat.889.jpg,0
70,dog.579.jpg,1
71,cat.822.jpg,0
72,cat.148.jpg,0
73,dog.636.jpg,1
74,dog.620.jpg,1
75,cat.849.jpg,0
76,dog.65.jpg,1
77,dog.978.jpg,1
78,cat.641.jpg,0
79,dog.648.jpg,1
80,cat.98.jpg,0
81,cat.412.jpg,0
82,dog.22.jpg,1
83,dog.77.jpg,1
84,cat.529.jpg,0
85,dog.360.jpg,1
86,dog.737.jpg,1
87,dog.631.jpg,1
88,cat.717.jpg,0
89,dog.532.jpg,1
90,cat.557.jpg,0
91,cat.685.jpg,0
92,dog.572.jpg,1
93,dog.50.jpg,1
94,cat.323.jpg,0
95,cat.525.jpg,0
96,cat.100.jpg,0
97,cat.398.jpg,0
98,dog.668.jpg,1
99,cat.268.jpg,0
100,cat.173.jpg,0
101,cat.144.jpg,0
102,cat.345.jpg,0
103,cat.384.jpg,0
104,cat.863.jpg,0
105,cat.622.jpg,0
106,cat.854.jpg,0
107,dog.580.jpg,1
108,cat.424.jpg,0
109,cat.848.jpg,0
110,dog.372.jpg,1
111,cat.513.jpg,0
112,dog.426.jpg,1
113,dog.440.jpg,1
114,cat.980.jpg,0
115,cat.167.jpg,0
116,cat.726.jpg,0
117,dog.684.jpg,1
118,dog.439.jpg,1
119,cat.197.jpg,0
120,dog.558.jpg,1
121,cat.346.jpg,0
122,cat.966.jpg,0
123,cat.860.jpg,0
124,dog.694.jpg,1
125,cat.866.jpg,0
126,dog.848.jpg,1
127,dog.990.jpg,1
128,cat.193.jpg,0
129,dog.797.jpg,1
130,cat.580.jpg,0
131,dog.607.jpg,1
132,cat.991.jpg,0
133,cat.138.jpg,0
134,dog.913.jpg,1
135,dog.605.jpg,1
136,cat.719.jpg,0
137,dog.327.jpg,1
138,cat.917.jpg,0
139,dog.104.jpg,1
140,cat.442.jpg,0
141,dog.193.jpg,1
142,dog.514.jpg,1
143,dog.244.jpg,1
144,cat.895.jpg,0
145,dog.28.jpg,1
146,cat.504.jpg,0
147,dog.819.jpg,1
148,cat.918.jpg,0
149,dog.32.jpg,1
150,cat.387.jpg,0
151,dog.158.jpg,1
152,cat.191.jpg,0
153,dog.863.jpg,1
154,dog.169.jpg,1
155,dog.964.jpg,1
156,dog.647.jpg,1
157,dog.709.jpg,1
158,dog.974.jpg,1
159,dog.654.jpg,1
160,cat.320.jpg,0
161,dog.451.jpg,1
162,dog.673.jpg,1
163,cat.741.jpg,0
164,cat.751.jpg,0
165,cat.968.jpg,0
166,cat.985.jpg,0
167,dog.820.jpg,1
168,cat.25.jpg,0
169,cat.203.jpg,0
170,cat.160.jpg,0
171,cat.162.jpg,0
172,dog.618.jpg,1
173,cat.47.jpg,0
174,cat.731.jpg,0
175,dog.400.jpg,1
176,cat.927.jpg,0
177,cat.556.jpg,0
178,cat.486.jpg,0
179,dog.611.jpg,1
180,cat.592.jpg,0
181,dog.945.jpg,1
182,dog.290.jpg,1
183,dog.34.jpg,1
184,dog.556.jpg,1
185,cat.241.jpg,0
186,dog.604.jpg,1
187,cat.83.jpg,0
188,cat.799.jpg,0
189,cat.913.jpg,0
190,cat.549.jpg,0
191,cat.304.jpg,0
192,cat.440.jpg,0
193,cat.788.jpg,0
194,dog.473.jpg,1
195,cat.965.jpg,0
196,cat.814.jpg,0
197,dog.981.jpg,1
198,cat.710.jpg,0
199,cat.18.jpg,0
200,cat.350.jpg,0
201,cat.406.jpg,0
202,dog.840.jpg,1
203,dog.524.jpg,1
204,cat.585.jpg,0
205,dog.625.jpg,1
206,cat.873.jpg,0
207,cat.999.jpg,0
208,cat.618.jpg,0
209,dog.414.jpg,1
210,cat.264.jpg,0
211,cat.648.jpg,0
212,cat.606.jpg,0
213,cat.582.jpg,0
214,dog.883.jpg,1
215,dog.627.jpg,1
216,cat.267.jpg,0
217,dog.878.jpg,1
218,dog.886.jpg,1
219,cat.464.jpg,0
220,cat.667.jpg,0
221,dog.716.jpg,1
222,dog.221.jpg,1
223,dog.790.jpg,1
224,dog.461.jpg,1
225,cat.837.jpg,0
226,dog.809.jpg,1
227,cat.518.jpg,0
228,dog.724.jpg,1
229,dog.96.jpg,1
230,dog.71.jpg,1
231,dog.189.jpg,1
232,cat.91.jpg,0
233,dog.859.jpg,1
234,dog.91.jpg,1
235,dog.292.jpg,1
236,cat.308.jpg,0
237,cat.341.jpg,0
238,cat.326.jpg,0
239,cat.461.jpg,0
240,dog.304.jpg,1
241,dog.882.jpg,1
242,dog.761.jpg,1
243,cat.806.jpg,0
244,cat.129.jpg,0
245,dog.642.jpg,1
246,dog.671.jpg,1
247,dog.566.jpg,1
248,cat.78.jpg,0
249,dog.661.jpg,1
250,dog.818.jpg,1
251,dog.97.jpg,1
252,cat.820.jpg,0
253,cat.864.jpg,0
254,cat.37.jpg,0
255,cat.931.jpg,0
256,dog.897.jpg,1
257,dog.406.jpg,1
258,dog.895.jpg,1
259,dog.250.jpg,1
260,cat.84.jpg,0
261,dog.662.jpg,1
262,dog.810.jpg,1
263,dog.176.jpg,1
264,cat.386.jpg,0
265,cat.881.jpg,0
266,dog.730.jpg,1
267,dog.732.jpg,1
268,dog.49.jpg,1
269,cat.786.jpg,0
270,cat.872.jpg,0
271,dog.619.jpg,1
272,cat.403.jpg,0
273,dog.191.jpg,1
274,dog.516.jpg,1
275,cat.359.jpg,0
276,cat.287.jpg,0
277,dog.66.jpg,1
278,cat.829.jpg,0
279,cat.976.jpg,0
280,cat.428.jpg,0
281,cat.536.jpg,0
282,cat.174.jpg,0
283,dog.697.jpg,1
284,dog.127.jpg,1
285,cat.911.jpg,0
286,cat.378.jpg,0
287,dog.218.jpg,1
288,cat.27.jpg,0
289,cat.114.jpg,0
290,cat.372.jpg,0
291,dog.151.jpg,1
292,dog.52.jpg,1
293,dog.638.jpg,1
294,cat.642.jpg,0
295,cat.283.jpg,0
296,dog.875.jpg,1
297,cat.395.jpg,0
298,cat.936.jpg,0
299,cat.901.jpg,0
300,dog.375.jpg,1
301,dog.389.jpg,1
302,cat.598.jpg,0
303,cat.875.jpg,0
304,dog.10.jpg,1
305,cat.523.jpg,0
306,cat.586.jpg,0
307,cat.155.jpg,0
308,cat.369.jpg,0
309,cat.449.jpg,0
310,cat.909.jpg,0
311,cat.62.jpg,0
312,dog.599.jpg,1
313,cat.801.jpg,0
314,cat.775.jpg,0
315,cat.122.jpg,0
316,dog.59.jpg,1
317,cat.817.jpg,0
318,dog.665.jpg,1
319,cat.12.jpg,0
320,dog.361.jpg,1
321,cat.6.jpg,0
322,dog.354.jpg,1
323,dog.565.jpg,1
324,cat.276.jpg,0
325,dog.500.jpg,1
326,dog.443.jpg,1
327,dog.639.jpg,1
328,dog.215.jpg,1
329,cat.519.jpg,0
330,dog.376.jpg,1
331,cat.857.jpg,0
332,dog.329.jpg,1
333,cat.253.jpg,0
334,dog.429.jpg,1
335,cat.905.jpg,0
336,cat.71.jpg,0
337,dog.681.jpg,1
338,cat.445.jpg,0
339,cat.624.jpg,0
340,cat.441.jpg,0
341,cat.65.jpg,0
342,dog.541.jpg,1
343,dog.575.jpg,1
344,cat.506.jpg,0
345,cat.400.jpg,0
346,dog.987.jpg,1
347,dog.93.jpg,1
348,dog.521.jpg,1
349,dog.861.jpg,1
350,dog.766.jpg,1
351,dog.762.jpg,1
352,cat.450.jpg,0
353,cat.852.jpg,0
354,dog.783.jpg,1
355,dog.993.jpg,1
356,cat.844.jpg,0
357,dog.503.jpg,1
358,dog.768.jpg,1
359,cat.102.jpg,0
360,dog.445.jpg,1
361,dog.214.jpg,1
362,dog.334.jpg,1
363,cat.302.jpg,0
364,cat.231.jpg,0
365,dog.452.jpg,1
366,cat.633.jpg,0
367,dog.413.jpg,1
368,cat.645.jpg,0
369,dog.318.jpg,1
370,dog.906.jpg,1
371,cat.777.jpg,0
372,dog.885.jpg,1
373,dog.487.jpg,1
374,cat.512.jpg,0
375,dog.547.jpg,1
376,dog.92.jpg,1
377,dog.814.jpg,1
378,cat.683.jpg,0
379,cat.351.jpg,0
380,cat.176.jpg,0
381,dog.920.jpg,1
382,cat.39.jpg,0
383,cat.417.jpg,0
384,cat.360.jpg,0
385,cat.789.jpg,0
386,cat.953.jpg,0
387,dog.153.jpg,1
388,cat.655.jpg,0
389,cat.409.jpg,0
390,cat.29.jpg,0
391,dog.112.jpg,1
392,dog.816.jpg,1
393,dog.750.jpg,1
394,dog.564.jpg,1
395,cat.574.jpg,0
396,cat.82.jpg,0
397,dog.507.jpg,1
398,cat.973.jpg,0
399,cat.446.jpg,0
400,cat.828.jpg,0
401,dog.752.jpg,1
402,dog.674.jpg,1
403,cat.1.jpg,0
404,dog.260.jpg,1
405,cat.367.jpg,0
406,dog.279.jpg,1
407,dog.239.jpg,1
408,cat.563.jpg,0
409,cat.762.jpg,0
410,dog.582.jpg,1
411,dog.689.jpg,1
412,dog.39.jpg,1
413,dog.548.jpg,1
414,cat.555.jpg,0
415,dog.996.jpg,1
416,dog.653.jpg,1
417,cat.168.jpg,0
418,dog.285.jpg,1
419,dog.940.jpg,1
420,cat.126.jpg,0
421,cat.482.jpg,0
422,dog.817.jpg,1
423,cat.458.jpg,0
424,cat.405.jpg,0
425,cat.856.jpg,0
426,cat.663.jpg,0
427,cat.119.jpg,0
428,dog.523.jpg,1
429,cat.727.jpg,0
430,dog.893.jpg,1
431,cat.587.jpg,0
432,dog.428.jpg,1
433,cat.273.jpg,0
434,dog.574.jpg,1
435,cat.721.jpg,0
436,dog.0.jpg,1
437,cat.583.jpg,0
438,dog.16.jpg,1
439,cat.123.jpg,0
440,dog.353.jpg,1
441,dog.908.jpg,1
442,dog.154.jpg,1
443,dog.842.jpg,1
444,dog.613.jpg,1
445,cat.970.jpg,0
446,dog.312.jpg,1
447,dog.949.jpg,1
448,dog.965.jpg,1
449,dog.133.jpg,1
450,cat.634.jpg,0
451,dog.496.jpg,1
452,dog.936.jpg,1
453,cat.646.jpg,0
454,cat.460.jpg,0
455,cat.74.jpg,0
456,cat.888.jpg,0
457,dog.356.jpg,1
458,cat.453.jpg,0
459,dog.898.jpg,1
460,dog.425.jpg,1
461,cat.765.jpg,0
462,dog.606.jpg,1
463,cat.127.jpg,0
464,dog.690.jpg,1
465,cat.49.jpg,0
466,cat.625.jpg,0
467,dog.57.jpg,1
468,dog.825.jpg,1
469,dog.86.jpg,1
470,dog.175.jpg,1
471,cat.520.jpg,0
472,dog.255.jpg,1
473,cat.870.jpg,0
474,cat.748.jpg,0
475,cat.759.jpg,0
476,cat.292.jpg,0
477,cat.763.jpg,0
478,cat.736.jpg,0
479,cat.322.jpg,0
480,cat.469.jpg,0
481,dog.952.jpg,1
482,cat.631.jpg,0
483,dog.196.jpg,1
484,dog.268.jpg,1
485,dog.11.jpg,1
486,dog.506.jpg,1
487,cat.764.jpg,0
488,cat.96.jpg,0
489,cat.105.jpg,0
490,cat.929.jpg,0
491,dog.200.jpg,1
492,dog.806.jpg,1
493,dog.569.jpg,1
494,dog.571.jpg,1
495,dog.130.jpg,1
496,dog.431.jpg,1
497,cat.746.jpg,0
498,cat.509.jpg,0
499,dog.262.jpg,1
500,dog.904.jpg,1
501,cat.604.jpg,0
502,cat.13.jpg,0
503,dog.27.jpg,1
504,cat.932.jpg,0
505,dog.219.jpg,1
506,dog.399.jpg,1
507,cat.433.jpg,0
508,cat.545.jpg,0
509,cat.426.jpg,0
510,dog.238.jpg,1
511,cat.599.jpg,0
512,cat.707.jpg,0
513,dog.769.jpg,1
514,cat.949.jpg,0
515,cat.978.jpg,0
516,dog.946.jpg,1
517,dog.46.jpg,1
518,dog.725.jpg,1
519,dog.186.jpg,1
520,cat.861.jpg,0
521,cat.595.jpg,0
522,dog.390.jpg,1
523,dog.710.jpg,1
524,dog.686.jpg,1
525,dog.938.jpg,1
526,cat.209.jpg,0
527,cat.938.jpg,0
528,dog.30.jpg,1
529,dog.726.jpg,1
530,dog.540.jpg,1
531,dog.208.jpg,1
532,cat.332.jpg,0
533,cat.473.jpg,0
534,dog.874.jpg,1
535,dog.204.jpg,1
536,cat.593.jpg,0
537,cat.603.jpg,0
538,cat.380.jpg,0
539,cat.396.jpg,0
540,cat.93.jpg,0
541,cat.48.jpg,0
542,cat.45.jpg,0
543,dog.125.jpg,1
544,dog.515.jpg,1
545,cat.15.jpg,0
546,cat.32.jpg,0
547,dog.17.jpg,1
548,cat.298.jpg,0
549,dog.150.jpg,1
550,dog.447.jpg,1
551,dog.101.jpg,1
552,cat.819.jpg,0
553,dog.644.jpg,1
554,dog.482.jpg,1
555,cat.541.jpg,0
556,dog.402.jpg,1
557,cat.779.jpg,0
558,dog.280.jpg,1
559,dog.711.jpg,1
560,cat.261.jpg,0
561,dog.799.jpg,1
562,cat.803.jpg,0
563,cat.111.jpg,0
564,dog.533.jpg,1
565,dog.203.jpg,1
566,cat.288.jpg,0
567,dog.261.jpg,1
568,cat.678.jpg,0
569,dog.518.jpg,1
570,cat.140.jpg,0
571,dog.876.jpg,1
572,dog.310.jpg,1
573,dog.295.jpg,1
574,dog.706.jpg,1
575,dog.117.jpg,1
576,cat.181.jpg,0
577,cat.376.jpg,0
578,cat.402.jpg,0
579,dog.796.jpg,1
580,dog.837.jpg,1
581,dog.776.jpg,1
582,cat.11.jpg,0
583,cat.186.jpg,0
584,cat.790.jpg,0
585,dog.456.jpg,1
586,cat.492.jpg,0
587,cat.252.jpg,0
588,dog.263.jpg,1
589,dog.777.jpg,1
590,dog.649.jpg,1
591,cat.627.jpg,0
592,dog.320.jpg,1
593,dog.330.jpg,1
594,cat.934.jpg,0
595,dog.53.jpg,1
596,dog.1.jpg,1
597,cat.610.jpg,0
598,cat.884.jpg,0
599,cat.243.jpg,0
600,dog.293.jpg,1
601,cat.691.jpg,0
602,cat.56.jpg,0
603,dog.512.jpg,1
604,dog.88.jpg,1
605,cat.907.jpg,0
606,cat.431.jpg,0
607,dog.298.jpg,1
608,cat.925.jpg,0
609,cat.584.jpg,0
610,dog.892.jpg,1
611,cat.156.jpg,0
612,cat.248.jpg,0
613,dog.424.jpg,1
614,cat.399.jpg,0
615,cat.930.jpg,0
616,dog.95.jpg,1
617,cat.439.jpg,0
618,dog.559.jpg,1
619,dog.669.jpg,1
620,dog.346.jpg,1
621,dog.546.jpg,1
622,cat.379.jpg,0
623,dog.74.jpg,1
624,cat.235.jpg,0
625,cat.468.jpg,0
626,dog.180.jpg,1
627,dog.525.jpg,1
628,dog.600.jpg,1
629,cat.232.jpg,0
630,dog.803.jpg,1
631,cat.206.jpg,0
632,cat.961.jpg,0
633,dog.851.jpg,1
634,dog.626.jpg,1
635,cat.289.jpg,0
636,dog.185.jpg,1
637,dog.672.jpg,1
638,dog.793.jpg,1
639,cat.103.jpg,0
640,dog.971.jpg,1
641,dog.465.jpg,1
642,cat.706.jpg,0
643,cat.233.jpg,0
644,cat.698.jpg,0
645,dog.78.jpg,1
646,cat.454.jpg,0
647,dog.409.jpg,1
648,cat.816.jpg,0
649,dog.462.jpg,1
650,dog.748.jpg,1
651,cat.310.jpg,0
652,dog.772.jpg,1
653,cat.200.jpg,0
654,dog.550.jpg,1
655,dog.991.jpg,1
656,cat.921.jpg,0
657,dog.539.jpg,1
658,dog.735.jpg,1
659,dog.70.jpg,1
660,dog.266.jpg,1
661,cat.510.jpg,0
662,dog.931.jpg,1
663,cat.851.jpg,0
664,cat.657.jpg,0
665,dog.43.jpg,1
666,cat.910.jpg,0
667,dog.449.jpg,1
668,cat.810.jpg,0
669,cat.632.jpg,0
670,dog.160.jpg,1
671,cat.495.jpg,0
672,dog.916.jpg,1
673,cat.142.jpg,0
674,cat.419.jpg,0
675,cat.277.jpg,0
676,cat.52.jpg,0
677,cat.700.jpg,0
678,dog.629.jpg,1
679,dog.528.jpg,1
680,dog.645.jpg,1
681,dog.420.jpg,1
682,cat.125.jpg,0
683,dog.137.jpg,1
684,cat.192.jpg,0
685,dog.323.jpg,1
686,cat.896.jpg,0
687,dog.889.jpg,1
688,cat.300.jpg,0
689,dog.505.jpg,1
690,dog.947.jpg,1
691,dog.979.jpg,1
692,cat.77.jpg,0
693,cat.609.jpg,0
694,dog.838.jpg,1
695,dog.163.jpg,1
696,cat.117.jpg,0
697,cat.916.jpg,0
698,dog.412.jpg,1
699,dog.545.jpg,1
700,cat.749.jpg,0
701,dog.294.jpg,1
702,dog.213.jpg,1
703,cat.903.jpg,0
704,cat.794.jpg,0
705,dog.335.jpg,1
706,cat.0.jpg,0
707,cat.608.jpg,0
708,cat.761.jpg,0
709,cat.823.jpg,0
710,cat.942.jpg,0
711,cat.956.jpg,0
712,dog.595.jpg,1
713,dog.123.jpg,1
714,dog.731.jpg,1
715,cat.165.jpg,0
716,cat.109.jpg,0
717,cat.524.jpg,0
718,dog.989.jpg,1
719,dog.608.jpg,1
720,cat.415.jpg,0
721,cat.214.jpg,0
722,dog.145.jpg,1
723,cat.330.jpg,0
724,dog.289.jpg,1
725,cat.133.jpg,0
726,cat.840.jpg,0
727,cat.28.jpg,0
728,cat.9.jpg,0
729,dog.928.jpg,1
730,cat.363.jpg,0
731,cat.733.jpg,0
732,dog.811.jpg,1
733,cat.951.jpg,0
734,dog.930.jpg,1
735,dog.616.jpg,1
736,dog.83.jpg,1
737,dog.13.jpg,1
738,cat.944.jpg,0
739,cat.301.jpg,0
740,cat.613.jpg,0
741,cat.752.jpg,0
742,dog.589.jpg,1
743,cat.669.jpg,0
744,dog.492.jpg,1
745,dog.866.jpg,1
746,dog.594.jpg,1
747,cat.902.jpg,0
748,cat.711.jpg,0
749,dog.201.jpg,1
750,dog.134.jpg,1
751,dog.418.jpg,1
752,cat.354.jpg,0
753,cat.757.jpg,0
754,cat.935.jpg,0
755,dog.678.jpg,1
756,dog.786.jpg,1
757,cat.850.jpg,0
758,dog.628.jpg,1
759,dog.537.jpg,1
760,cat.540.jpg,0
761,cat.250.jpg,0
762,dog.536.jpg,1
763,cat.22.jpg,0
764,dog.656.jpg,1
765,dog.394.jpg,1
766,cat.31.jpg,0
767,cat.480.jpg,0
768,dog.273.jpg,1
769,dog.879.jpg,1
770,dog.174.jpg,1
771,cat.906.jpg,0
772,cat.437.jpg,0
773,dog.230.jpg,1
774,cat.221.jpg,0
775,dog.846.jpg,1
776,dog.675.jpg,1
777,cat.729.jpg,0
778,dog.41.jpg,1
779,dog.115.jpg,1
780,cat.581.jpg,0
781,dog.578.jpg,1
782,dog.181.jpg,1
783,dog.693.jpg,1
784,dog.393.jpg,1
785,dog.941.jpg,1
786,cat.213.jpg,0
787,dog.234.jpg,1
788,dog.211.jpg,1
789,dog.350.jpg,1
790,dog.392.jpg,1
791,cat.703.jpg,0
792,cat.615.jpg,0
793,dog.510.jpg,1
794,dog.427.jpg,1
795,dog.460.jpg,1
796,cat.42.jpg,0
797,cat.95.jpg,0
798,cat.79.jpg,0
799,cat.845.jpg,0
800,cat.532.jpg,0
801,dog.637.jpg,1
802,dog.319.jpg,1
803,cat.562.jpg,0
804,dog.472.jpg,1
805,dog.723.jpg,1
806,dog.380.jpg,1
807,dog.477.jpg,1
808,cat.628.jpg,0
809,cat.812.jpg,0
810,cat.154.jpg,0
811,dog.407.jpg,1
812,dog.601.jpg,1
813,dog.590.jpg,1
814,cat.807.jpg,0
815,cat.623.jpg,0
816,cat.914.jpg,0
817,cat.983.jpg,0
818,cat.890.jpg,0
819,dog.643.jpg,1
820,cat.975.jpg,0
821,dog.975.jpg,1
822,dog.209.jpg,1
823,dog.118.jpg,1
824,dog.792.jpg,1
825,cat.229.jpg,0
826,cat.263.jpg,0
827,dog.890.jpg,1
828,dog.826.jpg,1
829,dog.98.jpg,1
830,dog.220.jpg,1
831,cat.309.jpg,0
832,cat.533.jpg,0
833,cat.130.jpg,0
834,dog.5.jpg,1
835,cat.724.jpg,0
836,dog.622.jpg,1
837,dog.570.jpg,1
838,dog.495.jpg,1
839,cat.987.jpg,0
840,cat.590.jpg,0
841,dog.836.jpg,1
842,cat.737.jpg,0
843,dog.986.jpg,1
844,dog.157.jpg,1
845,dog.805.jpg,1
846,cat.716.jpg,0
847,cat.805.jpg,0
848,cat.38.jpg,0
849,dog.342.jpg,1
850,cat.877.jpg,0
851,cat.240.jpg,0
852,cat.871.jpg,0
853,cat.508.jpg,0
854,dog.677.jpg,1
855,dog.339.jpg,1
856,dog.581.jpg,1
857,dog.164.jpg,1
858,cat.269.jpg,0
859,dog.956.jpg,1
860,cat.614.jpg,0
861,dog.833.jpg,1
862,cat.490.jpg,0
863,dog.161.jpg,1
864,cat.709.jpg,0
865,dog.527.jpg,1
866,dog.139.jpg,1
867,dog.490.jpg,1
868,dog.315.jpg,1
869,dog.313.jpg,1
870,dog.891.jpg,1
871,cat.228.jpg,0
872,cat.502.jpg,0
873,dog.453.jpg,1
874,dog.94.jpg,1
875,cat.30.jpg,0
876,dog.968.jpg,1
877,dog.983.jpg,1
878,dog.767.jpg,1
879,cat.792.jpg,0
880,dog.821.jpg,1
881,dog.355.jpg,1
882,dog.370.jpg,1
883,cat.467.jpg,0
884,dog.68.jpg,1
885,dog.584.jpg,1
886,cat.429.jpg,0
887,cat.164.jpg,0
888,dog.474.jpg,1
889,dog.499.jpg,1
890,cat.216.jpg,0
891,cat.847.jpg,0
892,dog.612.jpg,1
893,cat.885.jpg,0
894,dog.483.jpg,1
895,dog.385.jpg,1
896,dog.753.jpg,1
897,cat.199.jpg,0
898,cat.955.jpg,0
899,cat.43.jpg,0
900,dog.167.jpg,1
901,cat.839.jpg,0
902,cat.920.jpg,0
903,cat.675.jpg,0
904,dog.822.jpg,1
905,dog.326.jpg,1
906,dog.287.jpg,1
907,cat.321.jpg,0
908,dog.517.jpg,1
909,cat.182.jpg,0
910,cat.671.jpg,0
911,cat.44.jpg,0
912,cat.328.jpg,0
913,cat.106.jpg,0
914,dog.812.jpg,1
915,dog.29.jpg,1
916,dog.258.jpg,1
917,cat.295.jpg,0
918,dog.774.jpg,1
919,dog.282.jpg,1
920,dog.755.jpg,1
921,cat.195.jpg,0
922,dog.617.jpg,1
923,dog.714.jpg,1
924,cat.653.jpg,0
925,dog.102.jpg,1
926,dog.132.jpg,1
927,cat.841.jpg,0
928,cat.108.jpg,0
929,cat.974.jpg,0
930,dog.457.jpg,1
931,cat.14.jpg,0
932,dog.35.jpg,1
933,cat.602.jpg,0
934,dog.835.jpg,1
935,dog.33.jpg,1
936,dog.680.jpg,1
937,cat.280.jpg,0
938,cat.407.jpg,0
939,dog.715.jpg,1
940,cat.666.jpg,0
941,dog.240.jpg,1
942,cat.475.jpg,0
943,dog.828.jpg,1
944,dog.247.jpg,1
945,cat.348.jpg,0
946,dog.501.jpg,1
947,dog.641.jpg,1
948,dog.555.jpg,1
949,cat.35.jpg,0
950,dog.554.jpg,1
951,cat.704.jpg,0
952,cat.679.jpg,0
953,cat.357.jpg,0
954,cat.758.jpg,0
955,cat.804.jpg,0
956,dog.381.jpg,1
957,cat.569.jpg,0
958,cat.570.jpg,0
959,dog.108.jpg,1
960,dog.152.jpg,1
961,dog.700.jpg,1
962,dog.844.jpg,1
963,cat.297.jpg,0
964,dog.111.jpg,1
965,cat.838.jpg,0
966,cat.19.jpg,0
967,cat.768.jpg,0
968,dog.138.jpg,1
969,cat.485.jpg,0
970,cat.674.jpg,0
971,dog.667.jpg,1
972,dog.20.jpg,1
973,cat.177.jpg,0
974,dog.713.jpg,1
975,cat.183.jpg,0
976,dog.912.jpg,1
977,cat.939.jpg,0
978,dog.801.jpg,1
979,dog.422.jpg,1
980,cat.611.jpg,0
981,cat.481.jpg,0
982,dog.267.jpg,1
983,cat.947.jpg,0
984,dog.216.jpg,1
985,cat.258.jpg,0
986,cat.923.jpg,0
987,dog.264.jpg,1
988,cat.470.jpg,0
989,cat.99.jpg,0
990,dog.58.jpg,1
991,dog.896.jpg,1
992,dog.778.jpg,1
993,cat.94.jpg,0
994,cat.344.jpg,0
995,dog.408.jpg,1
996,cat.204.jpg,0
997,cat.24.jpg,0
998,dog.187.jpg,1
999,dog.744.jpg,1
1000,cat.531.jpg,0
1001,dog.901.jpg,1
1002,dog.324.jpg,1
1003,dog.301.jpg,1
1004,cat.639.jpg,0
1005,cat.137.jpg,0
1006,dog.82.jpg,1
1007,dog.660.jpg,1
1008,dog.148.jpg,1
1009,cat.984.jpg,0
1010,cat.259.jpg,0
1011,dog.794.jpg,1
1012,cat.568.jpg,0
1013,dog.322.jpg,1
1014,cat.456.jpg,0
1015,cat.846.jpg,0
1016,dog.421.jpg,1
1017,cat.548.jpg,0
1018,cat.381.jpg,0
1019,dog.476.jpg,1
1020,dog.849.jpg,1
1021,cat.189.jpg,0
1022,cat.427.jpg,0
1023,cat.656.jpg,0
1024,cat.218.jpg,0
1025,cat.158.jpg,0
1026,dog.210.jpg,1
1027,dog.6.jpg,1
1028,dog.929.jpg,1
1029,dog.373.jpg,1
1030,dog.961.jpg,1
1031,cat.136.jpg,0
1032,dog.69.jpg,1
1033,dog.586.jpg,1
1034,dog.789.jpg,1
1035,dog.634.jpg,1
1036,dog.166.jpg,1
1037,cat.874.jpg,0
1038,dog.248.jpg,1
1039,cat.366.jpg,0
1040,cat.161.jpg,0
1041,dog.206.jpg,1
1042,dog.729.jpg,1
1043,dog.603.jpg,1
1044,dog.401.jpg,1
1045,dog.297.jpg,1
1046,dog.236.jpg,1
1047,cat.342.jpg,0
1048,cat.855.jpg,0
1049,dog.502.jpg,1
1050,dog.307.jpg,1
1051,cat.333.jpg,0
1052,dog.54.jpg,1
1053,dog.610.jpg,1
1054,dog.841.jpg,1
1055,cat.621.jpg,0
1056,dog.438.jpg,1
1057,cat.793.jpg,0
1058,cat.515.jpg,0
1059,dog.423.jpg,1
1060,dog.217.jpg,1
1061,dog.265.jpg,1
1062,cat.274.jpg,0
1063,dog.272.jpg,1
1064,dog.733.jpg,1
1065,dog.281.jpg,1
1066,cat.629.jpg,0
1067,dog.687.jpg,1
1068,cat.714.jpg,0
1069,cat.131.jpg,0
1070,dog.553.jpg,1
1071,cat.575.jpg,0
1072,dog.156.jpg,1
1073,dog.659.jpg,1
1074,dog.276.jpg,1
1075,cat.416.jpg,0
1076,dog.142.jpg,1
1077,dog.980.jpg,1
1078,dog.120.jpg,1
1079,cat.430.jpg,0
1080,dog.194.jpg,1
1081,dog.488.jpg,1
1082,dog.47.jpg,1
1083,dog.459.jpg,1
1084,dog.800.jpg,1
1085,dog.141.jpg,1
1086,dog.954.jpg,1
1087,dog.358.jpg,1
1088,dog.829.jpg,1
1089,dog.802.jpg,1
1090,cat.362.jpg,0
1091,dog.90.jpg,1
1092,dog.124.jpg,1
1093,dog.919.jpg,1
1094,cat.589.jpg,0
1095,cat.730.jpg,0
1096,dog.950.jpg,1
1097,dog.658.jpg,1
1098,cat.892.jpg,0
1099,cat.538.jpg,0
1100,cat.157.jpg,0
1101,dog.955.jpg,1
1102,cat.355.jpg,0
1103,cat.986.jpg,0
1104,dog.336.jpg,1
1105,dog.939.jpg,1
1106,dog.832.jpg,1
1107,cat.665.jpg,0
1108,dog.657.jpg,1
1109,dog.862.jpg,1
1110,dog.807.jpg,1
1111,cat.194.jpg,0
1112,dog.61.jpg,1
1113,dog.721.jpg,1
1114,cat.620.jpg,0
1115,dog.666.jpg,1
1116,dog.378.jpg,1
1117,cat.339.jpg,0
1118,cat.661.jpg,0
1119,cat.251.jpg,0
1120,dog.728.jpg,1
1121,dog.450.jpg,1
1122,cat.578.jpg,0
1123,dog.271.jpg,1
1124,dog.717.jpg,1
1125,cat.290.jpg,0
1126,cat.963.jpg,0
1127,cat.605.jpg,0
1128,cat.150.jpg,0
1129,dog.567.jpg,1
1130,cat.81.jpg,0
1131,dog.466.jpg,1
1132,cat.66.jpg,0
1133,cat.880.jpg,0
1134,dog.415.jpg,1
1135,cat.972.jpg,0
1136,cat.451.jpg,0
1137,cat.115.jpg,0
1138,cat.783.jpg,0
1139,dog.683.jpg,1
1140,cat.239.jpg,0
1141,dog.64.jpg,1
1142,dog.948.jpg,1
1143,cat.827.jpg,0
1144,cat.353.jpg,0
1145,dog.534.jpg,1
1146,dog.951.jpg,1
1147,dog.55.jpg,1
1148,cat.198.jpg,0
1149,cat.364.jpg,0
1150,cat.579.jpg,0
1151,cat.285.jpg,0
1152,dog.116.jpg,1
1153,cat.530.jpg,0
1154,dog.609.jpg,1
1155,dog.953.jpg,1
1156,cat.365.jpg,0
1157,cat.865.jpg,0
1158,cat.596.jpg,0
1159,dog.73.jpg,1
1160,cat.318.jpg,0
1161,dog.703.jpg,1
1162,dog.977.jpg,1
1163,cat.559.jpg,0
1164,cat.500.jpg,0
1165,dog.632.jpg,1
1166,cat.420.jpg,0
1167,cat.271.jpg,0
1168,cat.747.jpg,0
1169,cat.561.jpg,0
1170,cat.307.jpg,0
1171,dog.207.jpg,1
1172,dog.957.jpg,1
1173,dog.40.jpg,1
1174,dog.444.jpg,1
1175,cat.654.jpg,0
1176,dog.902.jpg,1
1177,dog.815.jpg,1
1178,cat.134.jpg,0
1179,cat.715.jpg,0
1180,cat.484.jpg,0
1181,cat.383.jpg,0
1182,cat.50.jpg,0
1183,dog.934.jpg,1
1184,dog.847.jpg,1
1185,cat.196.jpg,0
1186,cat.591.jpg,0
1187,cat.728.jpg,0
1188,dog.103.jpg,1
1189,dog.398.jpg,1
1190,cat.797.jpg,0
1191,dog.106.jpg,1
1192,dog.23.jpg,1
1193,dog.178.jpg,1
1194,cat.676.jpg,0
1195,cat.34.jpg,0
1196,dog.345.jpg,1
1197,cat.904.jpg,0
1198,dog.682.jpg,1
1199,cat.601.jpg,0
1200,dog.992.jpg,1
1201,dog.403.jpg,1
1202,cat.558.jpg,0
1203,cat.630.jpg,0
1204,cat.2.jpg,0
1205,dog.435.jpg,1
1206,cat.755.jpg,0
1207,dog.195.jpg,1
1208,dog.538.jpg,1
1209,dog.911.jpg,1
1210,cat.952.jpg,0
1211,dog.918.jpg,1
1212,cat.701.jpg,0
1213,cat.202.jpg,0
1214,cat.410.jpg,0
1215,cat.53.jpg,0
1216,dog.4.jpg,1
1217,cat.255.jpg,0
1218,cat.488.jpg,0
1219,cat.434.jpg,0
1220,cat.222.jpg,0
1221,dog.455.jpg,1
1222,cat.868.jpg,0
1223,cat.612.jpg,0
1224,cat.236.jpg,0
1225,dog.942.jpg,1
1226,dog.314.jpg,1
1227,dog.943.jpg,1
1228,cat.7.jpg,0
1229,cat.205.jpg,0
1230,cat.664.jpg,0
1231,dog.12.jpg,1
1232,cat.937.jpg,0
1233,dog.177.jpg,1
1234,cat.534.jpg,0
1235,cat.163.jpg,0
1236,cat.457.jpg,0
1237,cat.686.jpg,0
1238,dog.391.jpg,1
1239,cat.4.jpg,0
1240,cat.825.jpg,0
1241,dog.205.jpg,1
1242,cat.946.jpg,0
1243,cat.145.jpg,0
1244,cat.571.jpg,0
1245,cat.528.jpg,0
1246,dog.670.jpg,1
1247,dog.333.jpg,1
1248,cat.566.jpg,0
1249,cat.352.jpg,0
1250,dog.442.jpg,1
1251,cat.113.jpg,0
1252,cat.681.jpg,0
1253,dog.877.jpg,1
1254,cat.883.jpg,0
1255,dog.894.jpg,1
1256,cat.124.jpg,0
1257,cat.60.jpg,0
1258,dog.827.jpg,1
1259,cat.21.jpg,0
1260,cat.940.jpg,0
1261,cat.670.jpg,0
1262,dog.75.jpg,1
1263,cat.738.jpg,0
1264,cat.754.jpg,0
1265,cat.391.jpg,0
1266,cat.511.jpg,0
1267,dog.784.jpg,1
1268,dog.199.jpg,1
1269,cat.385.jpg,0
1270,dog.646.jpg,1
1271,cat.69.jpg,0
1272,dog.887.jpg,1
1273,cat.537.jpg,0
1274,cat.745.jpg,0
1275,dog.494.jpg,1
1276,dog.464.jpg,1
1277,dog.596.jpg,1
1278,dog.754.jpg,1
1279,cat.662.jpg,0
1280,dog.229.jpg,1
1281,cat.476.jpg,0
1282,cat.151.jpg,0
1283,cat.278.jpg,0
1284,cat.723.jpg,0
1285,cat.635.jpg,0
1286,cat.879.jpg,0
1287,cat.358.jpg,0
1288,cat.188.jpg,0
1289,cat.626.jpg,0
1290,dog.692.jpg,1
1291,dog.758.jpg,1
1292,dog.305.jpg,1
1293,dog.308.jpg,1
1294,dog.274.jpg,1
1295,dog.976.jpg,1
1296,cat.992.jpg,0
1297,dog.712.jpg,1
1298,cat.54.jpg,0
1299,dog.535.jpg,1
1300,dog.63.jpg,1
1301,cat.770.jpg,0
1302,cat.179.jpg,0
1303,cat.677.jpg,0
1304,dog.479.jpg,1
1305,cat.187.jpg,0
1306,dog.343.jpg,1
1307,dog.377.jpg,1
1308,cat.551.jpg,0
1309,dog.552.jpg,1
1310,dog.561.jpg,1
1311,cat.824.jpg,0
1312,cat.338.jpg,0
1313,cat.335.jpg,0
1314,cat.270.jpg,0
1315,cat.72.jpg,0
1316,dog.251.jpg,1
1317,cat.815.jpg,0
1318,dog.302.jpg,1
1319,dog.486.jpg,1
1320,dog.72.jpg,1
1321,dog.489.jpg,1
1322,dog.958.jpg,1
1323,cat.208.jpg,0
1324,dog.899.jpg,1
1325,cat.256.jpg,0
1326,dog.437.jpg,1
1327,dog.226.jpg,1
1328,dog.685.jpg,1
1329,cat.61.jpg,0
1330,cat.474.jpg,0
1331,cat.422.jpg,0
1332,cat.647.jpg,0
1333,cat.734.jpg,0
1334,dog.509.jpg,1
1335,cat.756.jpg,0
1336,dog.309.jpg,1
1337,cat.107.jpg,0
1338,dog.787.jpg,1
1339,cat.8.jpg,0
1340,dog.259.jpg,1
1341,cat.388.jpg,0
1342,cat.471.jpg,0
1343,dog.868.jpg,1
1344,cat.778.jpg,0
1345,dog.76.jpg,1
1346,dog.249.jpg,1
1347,cat.672.jpg,0
1348,dog.756.jpg,1
1349,dog.924.jpg,1
1350,dog.227.jpg,1
1351,cat.785.jpg,0
1352,cat.791.jpg,0
1353,dog.972.jpg,1
1354,dog.994.jpg,1
1355,dog.881.jpg,1
1356,cat.311.jpg,0
1357,dog.563.jpg,1
1358,cat.505.jpg,0
1359,dog.119.jpg,1
1360,dog.944.jpg,1
1361,dog.202.jpg,1
1362,cat.370.jpg,0
1363,dog.531.jpg,1
1364,dog.288.jpg,1
1365,cat.521.jpg,0
1366,dog.405.jpg,1
1367,cat.293.jpg,0
1368,dog.696.jpg,1
1369,dog.349.jpg,1
1370,dog.296.jpg,1
1371,dog.823.jpg,1
1372,cat.132.jpg,0
1373,dog.542.jpg,1
1374,dog.741.jpg,1
1375,dog.165.jpg,1
1376,dog.14.jpg,1
1377,cat.994.jpg,0
1378,dog.568.jpg,1
1379,cat.210.jpg,0
1380,cat.713.jpg,0
1381,cat.110.jpg,0
1382,dog.813.jpg,1
1383,dog.21.jpg,1
1384,dog.448.jpg,1
1385,dog.688.jpg,1
1386,dog.664.jpg,1
1387,cat.487.jpg,0
1388,dog.463.jpg,1
1389,cat.75.jpg,0
1390,cat.640.jpg,0
1391,cat.349.jpg,0
1392,cat.499.jpg,0
1393,cat.336.jpg,0
1394,cat.324.jpg,0
1395,cat.178.jpg,0
1396,cat.950.jpg,0
1397,cat.201.jpg,0
1398,cat.41.jpg,0
1399,cat.869.jpg,0
1400,dog.830.jpg,1
1401,cat.988.jpg,0
1402,dog.347.jpg,1
1403,cat.394.jpg,0
1404,cat.149.jpg,0
1405,cat.423.jpg,0
1406,cat.550.jpg,0
1407,dog.168.jpg,1
1408,dog.371.jpg,1
1409,dog.321.jpg,1
1410,dog.973.jpg,1
1411,dog.252.jpg,1
1412,cat.813.jpg,0
1413,dog.184.jpg,1
1414,dog.257.jpg,1
1415,dog.960.jpg,1
1416,dog.573.jpg,1
1417,cat.46.jpg,0
1418,dog.708.jpg,1
1419,dog.51.jpg,1
1420,dog.738.jpg,1
1421,cat.781.jpg,0
1422,cat.833.jpg,0
1423,dog.650.jpg,1
1424,cat.10.jpg,0
1425,dog.277.jpg,1
1426,cat.544.jpg,0
1427,dog.286.jpg,1
1428,cat.720.jpg,0
1429,cat.184.jpg,0
1430,cat.356.jpg,0
1431,dog.223.jpg,1
1432,dog.278.jpg,1
1433,cat.85.jpg,0
1434,cat.725.jpg,0
1435,dog.233.jpg,1
1436,dog.967.jpg,1
1437,dog.593.jpg,1
1438,dog.366.jpg,1
1439,dog.743.jpg,1
1440,cat.862.jpg,0
1441,dog.602.jpg,1
1442,cat.175.jpg,0
1443,cat.284.jpg,0
1444,cat.552.jpg,0
1445,cat.893.jpg,0
1446,dog.306.jpg,1
1447,cat.732.jpg,0
1448,cat.23.jpg,0
1449,dog.760.jpg,1
1450,cat.526.jpg,0
1451,cat.245.jpg,0
1452,cat.447.jpg,0
1453,dog.396.jpg,1
1454,dog.740.jpg,1
1455,dog.149.jpg,1
1456,cat.70.jpg,0
1457,cat.908.jpg,0
1458,dog.551.jpg,1
1459,cat.750.jpg,0
1460,cat.374.jpg,0
1461,dog.114.jpg,1
1462,cat.246.jpg,0
1463,dog.485.jpg,1
1464,cat.619.jpg,0
1465,dog.864.jpg,1
1466,cat.826.jpg,0
1467,cat.143.jpg,0
1468,cat.668.jpg,0
1469,dog.635.jpg,1
1470,cat.692.jpg,0
1471,cat.377.jpg,0
1472,dog.363.jpg,1
1473,cat.981.jpg,0
1474,cat.418.jpg,0
1475,dog.831.jpg,1
1476,dog.105.jpg,1
1477,dog.970.jpg,1
1478,cat.392.jpg,0
1479,dog.338.jpg,1
1480,dog.374.jpg,1
1481,dog.246.jpg,1
1482,cat.651.jpg,0
1483,dog.852.jpg,1
1484,cat.59.jpg,0
1485,cat.708.jpg,0
1486,cat.58.jpg,0
1487,cat.658.jpg,0
1488,cat.207.jpg,0
1489,dog.44.jpg,1
1490,cat.286.jpg,0
1491,cat.68.jpg,0
1492,dog.131.jpg,1
1493,cat.834.jpg,0
1494,dog.587.jpg,1
1495,cat.882.jpg,0
1496,cat.312.jpg,0
1497,cat.969.jpg,0
1498,cat.982.jpg,0
1499,cat.743.jpg,0
1500,cat.408.jpg,0
1501,cat.636.jpg,0
1502,dog.122.jpg,1
1503,cat.404.jpg,0
1504,cat.941.jpg,0
1505,cat.448.jpg,0
1506,cat.3.jpg,0
1507,cat.172.jpg,0
1508,dog.798.jpg,1
1509,cat.832.jpg,0
1510,cat.334.jpg,0
1511,dog.869.jpg,1
1512,dog.633.jpg,1
1513,cat.567.jpg,0
1514,dog.884.jpg,1
1515,cat.40.jpg,0
1516,dog.781.jpg,1
1517,cat.226.jpg,0
1518,cat.945.jpg,0
1519,dog.107.jpg,1
1520,cat.55.jpg,0
1521,cat.702.jpg,0
1522,dog.529.jpg,1
1523,dog.843.jpg,1
1524,dog.903.jpg,1
1525,cat.962.jpg,0
1526,cat.760.jpg,0
1527,dog.910.jpg,1
1528,dog.543.jpg,1
1529,cat.798.jpg,0
1530,cat.876.jpg,0
1531,dog.937.jpg,1
1532,dog.770.jpg,1
1533,dog.245.jpg,1
1534,dog.969.jpg,1
1535,dog.128.jpg,1
1536,cat.928.jpg,0
1537,cat.867.jpg,0
1538,cat.912.jpg,0
1539,dog.873.jpg,1
1540,dog.775.jpg,1
1541,cat.139.jpg,0
1542,dog.348.jpg,1
1543,dog.316.jpg,1
1544,dog.900.jpg,1
1545,dog.704.jpg,1
1546,cat.776.jpg,0
1547,cat.238.jpg,0
1548,cat.152.jpg,0
1549,dog.804.jpg,1
1550,dog.303.jpg,1
1551,dog.146.jpg,1
1552,dog.300.jpg,1
1553,dog.923.jpg,1
1554,cat.535.jpg,0
1555,cat.773.jpg,0
1556,dog.387.jpg,1
1557,cat.572.jpg,0
1558,dog.853.jpg,1
1559,cat.315.jpg,0
1560,cat.421.jpg,0
1561,cat.573.jpg,0
1562,dog.173.jpg,1
1563,cat.153.jpg,0
1564,cat.830.jpg,0
1565,cat.769.jpg,0
1566,cat.831.jpg,0
1567,cat.659.jpg,0
1568,cat.411.jpg,0
1569,cat.943.jpg,0
1570,cat.489.jpg,0
1571,dog.18.jpg,1
1572,cat.498.jpg,0
1573,dog.995.jpg,1
1574,cat.796.jpg,0
1575,cat.688.jpg,0
1576,cat.695.jpg,0
1577,cat.294.jpg,0
1578,dog.121.jpg,1
1579,dog.89.jpg,1
1580,dog.780.jpg,1
1581,dog.999.jpg,1
1582,dog.458.jpg,1
1583,dog.25.jpg,1
1584,cat.637.jpg,0
1585,cat.697.jpg,0
1586,dog.143.jpg,1
1587,cat.275.jpg,0
1588,dog.331.jpg,1
1589,cat.503.jpg,0
1590,cat.900.jpg,0
1591,dog.746.jpg,1
1592,cat.159.jpg,0
1593,dog.698.jpg,1
1594,cat.466.jpg,0
1595,dog.932.jpg,1
1596,dog.357.jpg,1
1597,cat.959.jpg,0
1598,dog.410.jpg,1
1599,dog.126.jpg,1
1600,dog.3.jpg,1
1601,cat.858.jpg,0
1602,dog.179.jpg,1
1603,cat.180.jpg,0
1604,dog.959.jpg,1
1605,cat.989.jpg,0
1606,dog.87.jpg,1
1607,dog.749.jpg,1
1608,cat.772.jpg,0
1609,cat.87.jpg,0
1610,cat.17.jpg,0
1611,dog.963.jpg,1
1612,cat.712.jpg,0
1613,cat.86.jpg,0
1614,cat.313.jpg,0
1615,cat.325.jpg,0
1616,dog.679.jpg,1
1617,dog.522.jpg,1
1618,dog.773.jpg,1
1619,cat.878.jpg,0
1620,dog.441.jpg,1
1621,dog.155.jpg,1
1622,cat.361.jpg,0
1623,cat.303.jpg,0
1624,cat.225.jpg,0
1625,cat.337.jpg,0
1626,cat.88.jpg,0
1627,cat.660.jpg,0
1628,dog.432.jpg,1
1629,cat.802.jpg,0
1630,cat.886.jpg,0
1631,dog.562.jpg,1
1632,dog.759.jpg,1
1633,cat.542.jpg,0
1634,dog.917.jpg,1
1635,dog.351.jpg,1
1636,cat.237.jpg,0
1637,cat.516.jpg,0
1638,dog.739.jpg,1
1639,cat.371.jpg,0
1640,cat.436.jpg,0
1641,cat.607.jpg,0
1642,cat.694.jpg,0
1643,cat.835.jpg,0
1644,dog.147.jpg,1
1645,cat.673.jpg,0
1646,dog.15.jpg,1
1647,dog.192.jpg,1
1648,cat.494.jpg,0
1649,cat.960.jpg,0
1650,dog.854.jpg,1
1651,cat.979.jpg,0
1652,dog.557.jpg,1
1653,cat.63.jpg,0
1654,cat.459.jpg,0
1655,dog.519.jpg,1
1656,dog.785.jpg,1
1657,dog.395.jpg,1
1658,dog.914.jpg,1
1659,dog.242.jpg,1
1660,dog.2.jpg,1
1661,dog.576.jpg,1
1662,cat.818.jpg,0
1663,dog.870.jpg,1
1664,dog.433.jpg,1
1665,dog.8.jpg,1
1666,dog.765.jpg,1
1667,cat.219.jpg,0
1668,dog.446.jpg,1
1669,cat.926.jpg,0
1670,cat.291.jpg,0
1671,dog.742.jpg,1
1672,cat.472.jpg,0
1673,cat.652.jpg,0
1674,cat.247.jpg,0
1675,cat.296.jpg,0
1676,cat.166.jpg,0
1677,dog.311.jpg,1
1678,dog.984.jpg,1
1679,cat.742.jpg,0
1680,cat.190.jpg,0
1681,dog.779.jpg,1
1682,cat.836.jpg,0
1683,dog.782.jpg,1
1684,cat.564.jpg,0
1685,cat.215.jpg,0
1686,cat.265.jpg,0
1687,cat.990.jpg,0
1688,cat.26.jpg,0
1689,cat.782.jpg,0
1690,dog.416.jpg,1
1691,dog.231.jpg,1
1692,cat.147.jpg,0
1693,cat.76.jpg,0
1694,cat.435.jpg,0
1695,cat.957.jpg,0
1696,dog.284.jpg,1
1697,cat.891.jpg,0
1698,dog.182.jpg,1
1699,cat.375.jpg,0
1700,dog.38.jpg,1
1701,cat.211.jpg,0
1702,dog.475.jpg,1
1703,dog.935.jpg,1
1704,dog.925.jpg,1
1705,dog.808.jpg,1
1706,dog.224.jpg,1
1707,dog.212.jpg,1
1708,cat.795.jpg,0
1709,cat.234.jpg,0
1710,dog.880.jpg,1
1711,dog.62.jpg,1
1712,dog.430.jpg,1
1713,cat.693.jpg,0
1714,dog.722.jpg,1
1715,cat.455.jpg,0
1716,dog.663.jpg,1
1717,cat.924.jpg,0
1718,cat.128.jpg,0
1719,dog.109.jpg,1
1720,dog.110.jpg,1
1721,cat.452.jpg,0
1722,cat.514.jpg,0
1723,cat.389.jpg,0
1724,dog.225.jpg,1
1725,cat.101.jpg,0
1726,cat.319.jpg,0
1727,cat.397.jpg,0
1728,cat.496.jpg,0
1729,dog.188.jpg,1
1730,dog.888.jpg,1
1731,cat.744.jpg,0
1732,cat.135.jpg,0
1733,dog.583.jpg,1
1734,cat.141.jpg,0
1735,dog.927.jpg,1
1736,cat.282.jpg,0
1737,dog.702.jpg,1
1738,dog.283.jpg,1
1739,cat.146.jpg,0
1740,dog.379.jpg,1
1741,cat.543.jpg,0
1742,dog.7.jpg,1
1743,dog.719.jpg,1
1744,dog.170.jpg,1
1745,dog.597.jpg,1
1746,dog.727.jpg,1
1747,cat.705.jpg,0
1748,dog.699.jpg,1
1749,dog.707.jpg,1
1750,cat.887.jpg,0
1751,dog.80.jpg,1
1752,cat.242.jpg,0
1753,dog.254.jpg,1
1754,cat.20.jpg,0
1755,cat.414.jpg,0
1756,dog.317.jpg,1
1757,cat.997.jpg,0
1758,cat.343.jpg,0
1759,dog.135.jpg,1
1760,dog.491.jpg,1
1761,dog.26.jpg,1
1762,dog.56.jpg,1
1763,cat.522.jpg,0
1764,dog.858.jpg,1
1765,cat.616.jpg,0
1766,cat.995.jpg,0
1767,cat.347.jpg,0
1768,dog.764.jpg,1
1769,dog.745.jpg,1
1770,cat.116.jpg,0
1771,cat.230.jpg,0
1772,dog.747.jpg,1
1773,cat.112.jpg,0
1774,dog.691.jpg,1
1775,dog.222.jpg,1
1776,dog.788.jpg,1
1777,dog.469.jpg,1
1778,cat.644.jpg,0
1779,dog.718.jpg,1
1780,dog.84.jpg,1
1781,dog.42.jpg,1
1782,dog.171.jpg,1
1783,dog.640.jpg,1
1784,cat.933.jpg,0
1785,cat.331.jpg,0
1786,dog.36.jpg,1
1787,cat.948.jpg,0
1788,cat.740.jpg,0
1789,dog.48.jpg,1
1790,dog.997.jpg,1
1791,cat.281.jpg,0
1792,cat.373.jpg,0
1793,dog.67.jpg,1
1794,dog.411.jpg,1
1795,dog.872.jpg,1
1796,cat.565.jpg,0
1797,cat.617.jpg,0
1798,dog.985.jpg,1
1799,dog.834.jpg,1
1800,dog.359.jpg,1
1801,cat.771.jpg,0
1802,cat.577.jpg,0
1803,cat.368.jpg,0
1804,cat.594.jpg,0
1805,cat.588.jpg,0
1806,dog.344.jpg,1
1807,cat.539.jpg,0
1808,cat.51.jpg,0
1809,dog.85.jpg,1
1810,dog.998.jpg,1
1811,cat.684.jpg,0
1812,cat.954.jpg,0
1813,dog.585.jpg,1
1814,cat.507.jpg,0
1815,cat.689.jpg,0
1816,cat.922.jpg,0
1817,dog.140.jpg,1
1818,dog.701.jpg,1
1819,dog.921.jpg,1
1820,dog.845.jpg,1
1821,cat.67.jpg,0
1822,cat.643.jpg,0
1823,dog.325.jpg,1
1824,dog.508.jpg,1
1825,dog.623.jpg,1
1826,dog.962.jpg,1
1827,dog.856.jpg,1
1828,dog.340.jpg,1
1829,dog.352.jpg,1
1830,cat.57.jpg,0
1831,dog.232.jpg,1
1832,cat.217.jpg,0
1833,cat.382.jpg,0
1834,cat.842.jpg,0
1835,dog.839.jpg,1
1836,dog.270.jpg,1
1837,cat.808.jpg,0
1838,cat.493.jpg,0
1839,dog.60.jpg,1
1840,dog.592.jpg,1
1841,cat.722.jpg,0
1842,cat.260.jpg,0
1843,dog.544.jpg,1
1844,dog.113.jpg,1
1845,dog.795.jpg,1
1846,cat.393.jpg,0
1847,cat.121.jpg,0
1848,cat.279.jpg,0
1849,dog.922.jpg,1
1850,dog.615.jpg,1
1851,dog.454.jpg,1
1852,cat.527.jpg,0
1853,dog.172.jpg,1
1854,dog.471.jpg,1
1855,cat.546.jpg,0
1856,dog.365.jpg,1
1857,cat.682.jpg,0
1858,cat.600.jpg,0
1859,cat.244.jpg,0
1860,cat.787.jpg,0
1861,dog.31.jpg,1
1862,cat.64.jpg,0
1863,dog.484.jpg,1
1864,dog.99.jpg,1
1865,cat.254.jpg,0
1866,cat.898.jpg,0
1867,dog.588.jpg,1
1868,dog.328.jpg,1
1869,cat.305.jpg,0
1870,cat.735.jpg,0
1871,dog.614.jpg,1
1872,cat.97.jpg,0
1873,cat.780.jpg,0
1874,dog.498.jpg,1
1875,dog.468.jpg,1
1876,dog.905.jpg,1
1877,cat.967.jpg,0
1878,dog.81.jpg,1
1879,dog.9.jpg,1
1880,dog.867.jpg,1
1881,dog.243.jpg,1
1882,cat.220.jpg,0
1883,cat.597.jpg,0
1884,cat.649.jpg,0
1885,cat.650.jpg,0
1886,cat.262.jpg,0
1887,dog.860.jpg,1
1888,cat.340.jpg,0
1889,cat.36.jpg,0
1890,dog.591.jpg,1
1891,dog.513.jpg,1
1892,dog.493.jpg,1
1893,cat.739.jpg,0
1894,dog.478.jpg,1
1895,dog.162.jpg,1
1896,cat.224.jpg,0
1897,cat.314.jpg,0
1898,cat.212.jpg,0
1899,dog.651.jpg,1
1900,dog.364.jpg,1
1901,dog.857.jpg,1
1902,cat.120.jpg,0
1903,dog.480.jpg,1
1904,cat.316.jpg,0
1905,cat.465.jpg,0
1906,cat.894.jpg,0
1907,cat.958.jpg,0
1908,dog.341.jpg,1
1909,dog.695.jpg,1
1910,dog.368.jpg,1
1911,cat.401.jpg,0
1912,dog.228.jpg,1
1913,dog.530.jpg,1
1914,cat.859.jpg,0
1915,dog.404.jpg,1
1916,cat.718.jpg,0
1917,cat.444.jpg,0
1918,cat.690.jpg,0
1919,dog.198.jpg,1
1920,dog.362.jpg,1
1921,cat.390.jpg,0
1922,dog.291.jpg,1
1923,dog.865.jpg,1
1924,dog.275.jpg,1
1925,cat.977.jpg,0
1926,dog.549.jpg,1
1927,cat.171.jpg,0
1928,dog.436.jpg,1
1929,cat.964.jpg,0
1930,cat.517.jpg,0
1931,dog.511.jpg,1
1932,cat.73.jpg,0
1933,cat.993.jpg,0
1934,dog.736.jpg,1
1935,cat.16.jpg,0
1936,cat.497.jpg,0
1937,dog.384.jpg,1
1938,dog.926.jpg,1
1939,cat.553.jpg,0
1940,cat.443.jpg,0
1941,dog.504.jpg,1
1942,cat.463.jpg,0
1943,cat.169.jpg,0
1944,cat.899.jpg,0
1945,cat.919.jpg,0
1946,cat.638.jpg,0
1947,dog.824.jpg,1
1948,dog.470.jpg,1
1949,cat.971.jpg,0
1950,dog.397.jpg,1
1951,dog.183.jpg,1
1952,dog.988.jpg,1
1953,dog.383.jpg,1
1954,dog.751.jpg,1
1955,dog.434.jpg,1
1956,cat.774.jpg,0
1957,cat.996.jpg,0
1958,dog.520.jpg,1
1959,cat.89.jpg,0
1960,cat.92.jpg,0
1961,dog.45.jpg,1
1962,cat.784.jpg,0
1963,cat.299.jpg,0
1964,cat.306.jpg,0
1965,cat.413.jpg,0
1966,dog.630.jpg,1
1967,cat.560.jpg,0
1968,dog.299.jpg,1
1969,dog.734.jpg,1
1970,dog.235.jpg,1
1971,cat.432.jpg,0
1972,cat.257.jpg,0
1973,dog.966.jpg,1
1974,cat.438.jpg,0
1975,cat.118.jpg,0
1976,cat.462.jpg,0
1977,cat.821.jpg,0
1978,dog.417.jpg,1
1979,dog.915.jpg,1
1980,cat.843.jpg,0
1981,dog.763.jpg,1
1982,dog.871.jpg,1
1983,dog.367.jpg,1
1984,cat.272.jpg,0
1985,dog.144.jpg,1
1986,cat.477.jpg,0
1987,dog.652.jpg,1
1988,dog.100.jpg,1
1989,cat.483.jpg,0
1990,dog.369.jpg,1
1991,cat.753.jpg,0
1992,cat.766.jpg,0
1993,cat.104.jpg,0
1994,dog.907.jpg,1
1995,dog.481.jpg,1
1996,dog.159.jpg,1
1997,cat.576.jpg,0
1998,dog.190.jpg,1
1999,dog.909.jpg,1
